u,cp,E
0.0,0.0,92.2762295081967
0.0,0.0,92.2762295081967
0.0,0.0,92.2762295081967
0.0,0.0,92.2762295081967
0.0,0.0,92.2762295081967
0.0,0.0,92.2762295081967
0.0,0.0,92.2762295081967
0.0,0.0,92.2762295081967
0.0,0.0,92.2762295081967
0.0,0.0,92.2762295081967
0.0,0.0,92.2762295081967
0.0,0.0,92.2762295081967
0.0,0.0,92.2762295081967
0.0,0.0,92.2762295081967
1.3973888888888888,0.0013904136024597807,92.2762295081967
1.3973888888888888,0.007448709911537239,92.2762295081967
1.3973888888888888,0.019876280269773002,92.2762295081967
1.3973888888888888,0.040133539944783414,92.2762295081967
0.823388888888889,0.06861215632108052,92.2762295081967
0.823388888888889,0.10453214882899875,92.2762295081967
0.823388888888889,0.14744814890725946,92.2762295081967
0.823388888888889,0.19677007642286806,92.2762295081967
0.823388888888889,0.25192535330136334,92.2762295081967
0.46119444444444446,0.3120034702088735,92.2762295081967
0.46119444444444446,0.37563072057460045,92.2762295081967
0.46119444444444446,0.4418700838457649,92.2762295081967
0.46119444444444446,0.5098764800517063,92.2762295081967
0.46119444444444446,0.5789638384269946,92.2762295081967
0.77,0.6488861177926685,92.2762295081967
0.77,0.7199248682836048,92.2762295081967
0.77,0.7921051850052718,92.2762295081967
0.77,0.8654749506139153,92.2762295081967
0.77,0.9400348222371397,92.2762295081967
0.25833333333333336,1.0152402847033353,92.2762295081967
0.25833333333333336,1.0898289267011425,92.2762295081967
0.25833333333333336,1.1630959183608276,92.2762295081967
0.25833333333333336,1.2344111472837749,92.2762295081967
0.25833333333333336,1.3033179985860714,92.2762295081967
0.16344444444444448,1.3694057454580433,92.2762295081967
0.16344444444444448,1.432248180578824,92.2762295081967
0.16344444444444448,1.4916158193939772,92.2762295081967
0.16344444444444448,1.547366232192198,92.2762295081967
0.16344444444444448,1.599445787193029,92.2762295081967
0.13474999999999998,1.647841344051253,92.2762295081967
0.13474999999999998,1.6925538237726176,92.2762295081967
0.13474999999999998,1.7336560446322797,92.2762295081967
0.13474999999999998,1.7712545022005002,92.2762295081967
0.13474999999999998,1.8054858992458165,92.2762295081967
0.1421388888888889,1.8365154012677531,92.2762295081967
0.1421388888888889,1.864531951293449,92.2762295081967
0.1421388888888889,1.8897241299528518,92.25679597713483
0.1421388888888889,1.9122826153337011,92.22337248081227
0.1421388888888889,1.9323952403121778,92.1820769110676
0.17452777777777775,1.9502770025050105,92.13371440824403
0.17452777777777775,1.96617994896564,92.07864940165996
0.17452777777777775,1.9803117593140576,92.01711662134696
0.17452777777777775,1.9928659283983163,91.94930786934037
0.17452777777777775,2.0040153631041013,91.87540429967191
0.17452777777777775,2.0139145143063346,91.79558949926282
0.21936111111111112,2.0227459057300847,91.71005558627124
0.21936111111111112,2.0307377947367047,91.61900992276497
0.21936111111111112,2.03805461477106,91.52267356864246
0.21936111111111112,2.0448412051096123,91.42127790685845
0.26519444444444445,2.051261434044243,91.31506272236112
0.26519444444444445,2.057518856190208,91.20427876884368
0.26519444444444445,2.0637468185917487,91.08918332278985
0.26519444444444445,2.070055371652737,90.97003519138089
0.26519444444444445,2.0765254837822815,90.84709110818143
0.3057222222222222,2.0832548997518434,90.7206034658325
0.3057222222222222,2.0903771543803136,90.59082314763947
0.3057222222222222,2.097964963326274,90.45799593156352
0.3057222222222222,2.106072117401513,90.3223586664081
0.3057222222222222,2.114728659064798,90.18413693268624
0.33816666666666667,2.1239782516386927,90.04354394256995
0.33816666666666667,2.1338939026805757,89.90078379194024
0.33816666666666667,2.1445009985940686,89.75604929202478
0.33816666666666667,2.155811114668251,89.60951965999514
0.33816666666666667,2.167818341706745,89.46135946656611
0.36608333333333326,2.1805312565367903,89.31171864252195
0.36608333333333326,2.193986267655397,89.16073626638189
0.36608333333333326,2.208181210227395,89.00853940272859
0.36608333333333326,2.223104262287643,88.85524175300453
0.36608333333333326,2.2387306150536466,88.70094335602664
0.39299999999999996,2.2550527018868913,88.54573122845697
0.39299999999999996,2.272092557650668,88.38968360403562
0.39299999999999996,2.289837359599083,88.23286914597661
0.39299999999999996,2.3082669395414874,88.07534589455513
0.39299999999999996,2.3273502604143994,87.91716117967727
0.4031388888888889,2.34705856193973,87.7583519576454
0.4031388888888889,2.3673714315024172,87.59894670387072
0.4031388888888889,2.388253653613601,87.43896549999751
0.4031388888888889,2.4096664661267018,87.27842011018951
0.4031388888888889,2.431566930573179,87.11731448242763
0.41127777777777774,2.4539177187663213,86.95564555877735
0.41127777777777774,2.476691339791872,86.79340521139088
0.41127777777777774,2.49985101155294,86.63058059348046
0.41127777777777774,2.5233592384611865,86.46715439030137
0.41127777777777774,2.5471769212910984,86.30310534039609
0.41127777777777774,2.571264390076599,86.13840876285039
0.4157222222222222,2.5955866278965263,85.9730372669899
0.4157222222222222,2.6201154620011238,85.80696203541109
0.4157222222222222,2.6448190054413616,85.64015318951886
0.4157222222222222,2.669666233384099,85.47258006370856
0.4157222222222222,2.6946263948032345,85.30421159579859
0.4210277777777777,2.719674759175966,85.13501684097909
0.4210277777777777,2.744794849328926,84.9649661464609
0.4210277777777777,2.7699655421497877,84.79403121365422
0.4210277777777777,2.79516630812094,84.62218505252994
0.43311111111111106,2.8203883671672414,84.44940242642429
0.43311111111111106,2.845639424021295,84.27566177421534
0.43311111111111106,2.8709140576522443,84.1009446389849
0.43311111111111106,2.8962055152914026,83.9252349086098
0.43311111111111106,2.9215036725998846,83.74851846033533
0.4479444444444444,2.946810790053406,83.57078325535117
0.4479444444444444,2.97214758634453,83.39202139201346
0.4479444444444444,2.9975171161569962,83.2122281571197
0.4479444444444444,3.0229194468071996,83.0314009014712
0.4479444444444444,3.048349327442847,82.84953845760171
0.46044444444444443,3.0738100019381864,82.666640986694
0.46044444444444443,3.099318767493061,82.48271155280253
0.46044444444444443,3.1248768958107966,82.29775523406494
0.46044444444444443,3.150482295868483,82.11177813667098
0.46044444444444443,3.1761277890291693,81.92478690246189
0.47475,3.2018166950897484,81.73678871005475
0.47475,3.2275690114504267,81.54779320539866
0.47475,3.253386840521187,81.35781159252521
0.47475,3.2792687603522155,81.16685559151867
0.47475,3.30520775263095,80.97493694159708
0.48719444444444443,3.3312050535689743,80.78206734252312
0.48719444444444443,3.357275767218431,80.58826010154903
0.48719444444444443,3.383418983208796,80.39352935090662
0.48719444444444443,3.409630432441075,80.19788917236005
0.48719444444444443,3.435900807813901,80.00135320814196
0.49577777777777776,3.4622256793255186,79.80393459796258
0.49577777777777776,3.4886096558534487,79.60564712273892
0.49577777777777776,3.5150460050543804,79.40650471205892
0.49577777777777776,3.5415255638780505,79.20652090748018
0.49577777777777776,3.568035721239494,79.00570867042248
0.49577777777777776,3.5945614737508054,78.80408025640773
0.5031388888888889,3.6210935969086138,78.60164740972962
0.5031388888888889,3.6476319346876873,78.39842251859349
0.5031388888888889,3.674167686481121,78.19441833096305
0.5031388888888889,3.700690851666422,77.98964759318397
0.5031388888888889,3.7271891920867226,77.78412294885136
0.5109166666666668,3.753656738520975,77.57785707884648
0.5109166666666668,3.780097166292445,77.37086383742287
0.5109166666666668,3.8065050017043176,77.16315787983788
0.5109166666666668,3.8328734284465513,76.95475420962262
0.5199722222222223,3.859202157143602,76.74566824260192
0.5199722222222223,3.885501422361213,76.53591696118568
0.5199722222222223,3.9117701637611897,76.32551835357403
0.5199722222222223,3.9380051727378897,76.11449078299006
0.5199722222222223,3.964199817615657,75.90285269281512
0.5289722222222223,3.9903539545152955,75.69062260797398
0.5289722222222223,4.016477897223064,75.47782028719558
0.5289722222222223,4.042570730221917,75.26446619104917
0.5289722222222223,4.068629397750143,75.05058088083632
0.5289722222222223,4.0946474357763885,74.83618474614767
0.5216666666666667,4.120608652134099,74.62129759865451
0.5216666666666667,4.1464852961159036,74.40593755425685
0.5216666666666667,4.172256777373165,74.19012141478456
0.5216666666666667,4.197903173165012,73.97386521108908
0.5216666666666667,4.223406952643804,73.75718455421037
0.5020555555555556,4.248733231472993,73.54009448251064
0.5020555555555556,4.273822589880556,73.32260705925059
0.5020555555555556,4.298639481354963,73.10473265446336
0.5020555555555556,4.323153319714133,72.88648144586733
0.5020555555555556,4.347341920822869,72.66786426452985
0.4775277777777777,4.371165533143127,72.44889271724897
0.4775277777777777,4.394556813767707,72.22957638276512
0.4775277777777777,4.4174805264818815,72.00992441923246
0.4775277777777777,4.439909202356445,71.78994735140034
0.4775277777777777,4.46182689458081,71.5696579894627
0.46033333333333337,4.483209676036365,71.3490717514403
0.46033333333333337,4.504017549360163,71.12820481402474
0.46033333333333337,4.5242354297990035,70.90707518432245
0.46033333333333337,4.5438553802254695,70.6857038099289
0.46033333333333337,4.562878677513975,70.46411503250587
0.46033333333333337,4.581313682303986,70.2423368856872
0.4514444444444444,4.599165249358646,70.02040093100862
0.4514444444444444,4.616430145780406,69.79834098196807
0.4514444444444444,4.633117927130831,69.57619330206609
0.4514444444444444,4.649241516293846,69.35399682938399
0.4514444444444444,4.664818094273844,69.13179308425752
0.4429444444444445,4.679859412630572,68.90962581701211
0.4429444444444445,4.694367780999238,68.68753968271815
0.4429444444444445,4.708356339379185,68.46558035175394
0.4429444444444445,4.721840308349184,68.24379468733655
0.45416666666666666,4.734849223658994,68.0222309200419
0.45416666666666666,4.747429929019722,67.80093992318746
0.45416666666666666,4.759617966121935,67.57997446171518
0.45416666666666666,4.771447662556797,67.35938825612939
0.45416666666666666,4.782949572395603,67.13923534032105
0.4713611111111112,4.794168010195887,66.91956983795964
0.4713611111111112,4.805167539669103,66.70044754840572
0.4713611111111112,4.815990696081757,66.48192470696162
0.4713611111111112,4.826674711762192,66.26405662536126
0.4713611111111112,4.837248622240762,66.04689688507798
0.49308333333333326,4.847756358307061,65.83049713127667
0.49308333333333326,4.858265704197865,65.61490918030415
0.49308333333333326,4.868815498105323,65.40018368849644
0.49308333333333326,4.879437248471689,65.18636870602278
0.49308333333333326,4.890151861522699,64.97350893059865
0.4916111111111111,4.900970342316025,64.76164507842373
0.4916111111111111,4.911895063946107,64.55081338447998
0.4916111111111111,4.922924894296449,64.3410455463272
0.4916111111111111,4.934055003591964,64.13236883705915
0.4916111111111111,4.945278127574761,63.924806290017294
0.4761666666666666,4.956569901219931,63.71837662859141
0.4761666666666666,4.96788393443522,63.51309281294718
0.4761666666666666,4.979190539285028,63.3089630619014
0.4761666666666666,4.990462331436854,63.10599205255525
0.4761666666666666,5.001677346435669,62.90418171345928
0.4505555555555556,5.012792654912915,62.70353142862115
0.4505555555555556,5.023734498399853,62.504035781696444
0.4505555555555556,5.034461118199283,62.30568614925145
0.4505555555555556,5.044937744208722,62.10847246535199
0.4505555555555556,5.055140842885142,61.91238424673634
0.4425833333333334,5.065047949213138,61.717411311571276
0.4425833333333334,5.074632978236727,61.52354351358695
0.4425833333333334,5.083884448098415,61.330771465360876
0.4425833333333334,5.092796598508524,61.139087176218005
0.4425833333333334,5.101369816776566,60.948484363216984
0.4425833333333334,5.109609212805594,60.75895864454386
0.44252777777777774,5.117523396816321,60.57050759425405
0.44252777777777774,5.125123508637865,60.383130691650905
0.44252777777777774,5.132422584914818,60.19682920761763
0.44252777777777774,5.13943488597929,60.01160604342443
0.44252777777777774,5.146175411040935,59.827465538168276
0.4596388888888889,5.15267652847303,59.644413590419894
0.4596388888888889,5.158993748087428,59.46245920373517
0.4596388888888889,5.165163076730636,59.2816135660958
0.4596388888888889,5.1712171867466425,59.10188896641767
0.49694444444444447,5.177219260299044,58.923298837156985
0.49694444444444447,5.18327739205335,58.74586092026829
0.49694444444444447,5.189453097428822,58.569595308941366
0.49694444444444447,5.195797763115128,58.394522250868796
0.49694444444444447,5.202346472625378,58.220660923356235
0.4928333333333333,5.209117180810289,58.04802831386079
0.4928333333333333,5.216111959973561,57.87663813807982
0.4928333333333333,5.223329425719787,57.70650061068912
0.4928333333333333,5.23076265126317,57.53762247124277
0.4928333333333333,5.23840143292509,57.37000707740876
0.48072222222222216,5.24622117461929,57.203654385103924
0.48072222222222216,5.254179337453966,57.038560028144175
0.48072222222222216,5.262246057848872,56.87471606694537
0.48072222222222216,5.270393054571695,56.712111865642164
0.48072222222222216,5.278596227989371,56.550734702312766
0.4460555555555556,5.2868005800742495,56.39056972755221
0.4460555555555556,5.294907388093767,56.23159715545
0.4460555555555556,5.302859682911462,56.07379395450068
0.4460555555555556,5.310608752129946,55.91713578341465
0.4460555555555556,5.318120183412106,55.76159810956878
0.40961111111111115,5.325334815306358,55.607156555959655
0.40961111111111115,5.3321534679475855,55.45378420260465
0.40961111111111115,5.338525342643045,55.30145336857924
0.40961111111111115,5.344411615486158,55.15013753847599
0.40961111111111115,5.349790824837544,54.99981237192591
0.3927777777777778,5.354638415070253,54.85045623279133
0.3927777777777778,5.358917697577318,54.70204913203384
0.3927777777777778,5.362619058838473,54.55457354090918
0.3927777777777778,5.365741825793815,54.40801515739377
0.3927777777777778,5.368295689056898,54.26236317992122
0.3927777777777778,5.370298136639005,54.117610441806924
0.36380555555555555,5.3717435358449706,53.97375287776604
0.36380555555555555,5.3725911432697595,53.83078677801946
0.36380555555555555,5.372835544439526,53.68870953194242
0.36380555555555555,5.372477886326411,53.547520564467405
0.36380555555555555,5.371530339597157,53.40722165171893
0.33111111111111113,5.369980800841682,53.26781662605927
0.33111111111111113,5.367779021482472,53.12930857956275
0.33111111111111113,5.364915813025906,52.991700878344446
0.33111111111111113,5.361390347241922,52.85499835311428
0.31936111111111115,5.357203304225231,52.719207586137614
0.31936111111111115,5.352349412218933,52.584336272899264
0.31936111111111115,5.3468438933893,52.45039373776086
0.31936111111111115,5.340709072927694,52.317391370093915
0.31936111111111115,5.333974796804792,52.18534270608284
0.3125555555555556,5.326669422521145,52.05426329505032
0.3125555555555556,5.3188156009677146,51.924169973785006
0.3125555555555556,5.310445707334337,51.79508084710637
0.3125555555555556,5.3015942053718526,51.66701526999594
0.3125555555555556,5.29229801281448,51.53999367073252
0.3199444444444445,5.28260268140721,51.41403746322455
0.3199444444444445,5.272564103408474,51.2891694099033
0.3199444444444445,5.262229488190712,51.16541311970163
0.3199444444444445,5.251643880812282,51.042792481927584
0.3199444444444445,5.240848403400304,50.921331245554754
0.33108333333333334,5.229891584615668,50.80105279653181
0.33108333333333334,5.218833564129313,50.681980730156006
0.33108333333333334,5.207718728712456,50.564138235242304
0.33108333333333334,5.196586589213375,50.44754744384042
0.33108333333333334,5.185469960574891,50.332229033128876
0.3467222222222222,5.174411544048487,50.21820212260491
0.3467222222222222,5.163470357036402,50.105485280174875
0.3467222222222222,5.152683718751208,49.994095893405586
0.3467222222222222,5.142082825425044,49.88404948717034
0.3467222222222222,5.131690417434606,49.775359377232654
0.3467222222222222,5.12152236953534,49.668036397226345
0.3472222222222222,5.111589515189929,49.56208876318337
0.3472222222222222,5.101898928475401,49.45752206938102
0.3472222222222222,5.092453601255197,49.35433930567349
0.3472222222222222,5.083253678873133,49.25254092644047
0.3472222222222222,5.074296993090917,49.15212496788137
0.36394444444444446,5.065596249894624,49.05308743090602
0.36394444444444446,5.057185421737841,48.95542371606469
0.36394444444444446,5.049078670400783,48.85912829982841
0.36394444444444446,5.041286619313527,48.764194288764905
0.39569444444444446,5.033845111233946,48.67061370861778
0.39569444444444446,5.026827891243511,48.57837975677659
0.39569444444444446,5.020269071873206,48.48748583158534
0.39569444444444446,5.0141944105586385,48.397924392196025
0.39569444444444446,5.008616247002575,48.30968640996035
0.43727777777777777,5.003577798880861,48.22276148809651
0.43727777777777777,4.999170344484305,48.13714069033497
0.43727777777777777,4.995432137487543,48.05281525026432
0.43727777777777777,4.9923897440218585,47.96977508793696
0.43727777777777777,4.990051709556403,47.88800810807252
0.4422500000000001,4.9884175657727345,47.80749969889793
0.4422500000000001,4.987482929541022,47.72823280548993
0.4422500000000001,4.987229902241174,47.65018770843752
0.4422500000000001,4.987634032172547,47.57334191900969
0.4422500000000001,4.988665187542119,47.49767026495964
0.43947222222222226,4.990286584174788,47.423145021015564
0.43947222222222226,4.992455233999628,47.34973595121497
0.43947222222222226,4.995129969572838,47.27741067593072
0.43947222222222226,4.998269686191632,47.20613508482139
0.43947222222222226,5.001834546741066,47.13587371401297
0.4342777777777778,5.0057811415730855,47.06659004683868
0.4342777777777778,5.010060870211891,46.998246487153736
0.4342777777777778,5.014632961804308,46.93080481597542
0.4342777777777778,5.019459595054951,46.86422665489407
0.4342777777777778,5.024506884403004,46.79847381495951
0.4118333333333333,5.029722164569118,46.73350831136091
0.4118333333333333,5.035025665037413,46.66929103664481
0.4118333333333333,5.040365817042622,46.60578257421827
0.4118333333333333,5.045697521978837,46.54294413042888
0.4118333333333333,5.05098601269415,46.4807380740076
0.3528611111111111,5.056146315615564,46.4191276405258
0.3528611111111111,5.061020733262897,46.35807315150816
0.3528611111111111,5.065523691658433,46.29753380611705
0.3528611111111111,5.069584310155384,46.23746980187053
0.3528611111111111,5.073156328077432,46.177843460585564
0.3168888888888889,5.07617729557638,46.11861974154115
0.3168888888888889,5.0785516357654945,46.059764380183424
0.3168888888888889,5.080236367891399,46.001245181956364
0.3168888888888889,5.081203922745084,45.943033358710196
0.3168888888888889,5.081446445410026,45.88510414954834
0.3168888888888889,5.080971317458993,45.82743726835288
0.31538888888888894,5.079795991957186,45.770017057355595
0.31538888888888894,5.077944462618095,45.71283235284338
0.31538888888888894,5.0754485476466735,45.655876343418136
0.31538888888888894,5.072344493569063,45.59914633458089
0.3209444444444445,5.068677206987431,45.54264349143783
0.3209444444444445,5.0645008737367245,45.48637284226312
0.3209444444444445,5.059864122475162,45.43034273457723
0.3209444444444445,5.0548145014137305,45.374564242518325
0.3209444444444445,5.049396821548599,45.319050661883686
0.33619444444444446,5.043668255352181,45.26381721739254
0.33619444444444446,5.037703742132384,45.208881647338515
0.33619444444444446,5.031558226304913,45.15426342476982
0.33619444444444446,5.025281295266418,45.09998291922487
0.33619444444444446,5.018914472493825,45.04606083016477
0.3378333333333333,5.012494064155752,44.9925177042657
0.3378333333333333,5.006052780457383,44.939373657253256
0.3378333333333333,4.999616561013631,44.886648041338816
0.3378333333333333,4.993206897495897,44.834359179836135
0.3378333333333333,4.986841177872142,44.782524189890616
0.2853611111111111,4.980481144344219,44.73115821784541
0.2853611111111111,4.97401481038756,44.68027093104481
0.2853611111111111,4.967386980957557,44.629867810235716
0.2853611111111111,4.9605495237811335,44.57995182857428
0.2853611111111111,4.953471347510025,44.53052438369095
0.20702777777777776,4.946056950532899,44.481585220224694
0.20702777777777776,4.938115678844284,44.43312796553959
0.20702777777777776,4.929553467347361,44.385142507142405
0.20702777777777776,4.9202960355890255,44.33761774310514
0.20702777777777776,4.910301670835166,44.29054307556173
0.09933333333333332,4.899447100979476,44.24390840703458
0.09933333333333332,4.887483474083151,44.19769804423933
0.09933333333333332,4.874298540120752,44.15189384019782
0.09933333333333332,4.85980990316121,44.106478787439904
0.09933333333333332,4.8439816676156875,44.061438860175464
0.07294444444444445,4.826787858883398,44.01676424043618
0.07294444444444445,4.808194563066782,43.97244853626997
0.07294444444444445,4.788218388363711,43.92848984379319
0.07294444444444445,4.766895606316412,43.88489162137361
0.07294444444444445,4.744282430737128,43.84166292294507
0.07294444444444445,4.720449439276828,43.798818407727445
0.09077777777777779,4.695494813740259,43.75637830597007
0.09077777777777779,4.669547068373706,43.714369123781424
0.09077777777777779,4.642717985989521,43.67282267297301
0.09077777777777779,4.615117402562171,43.631774915038605
0.09077777777777779,4.586848184255812,43.59126502511679
0.12858333333333333,4.558043802197875,43.5513349191158
0.12858333333333333,4.528881844472204,43.51203081141271
0.12858333333333333,4.499490487943277,43.473401592991756
0.12858333333333333,4.469984849656145,43.43549705566351
0.15055555555555555,4.440482184447729,43.39836698838039
0.15055555555555555,4.411112739617896,43.36206152074722
0.15055555555555555,4.381967896652424,43.32662982990281
0.15055555555555555,4.3531233736954364,43.2921189141746
0.15055555555555555,4.324637069924416,43.25857284277459
0.18575000000000003,4.29658727153347,43.22603257958521
0.18575000000000003,4.2690878328236925,43.19453779533532
0.18575000000000003,4.242203190887149,43.1641258370686
0.18575000000000003,4.2159838588299205,43.13483060036547
0.18575000000000003,4.190461517570773,43.106681987552484
0.19436111111111112,4.165661422240885,43.079705587553384
0.19436111111111112,4.14160864095145,43.053923009774095
0.19436111111111112,4.118309336755299,43.02935165468872
0.19436111111111112,4.095761150870983,43.00600455449399
0.19436111111111112,4.073953385586345,42.98389042295195
0.20488888888888887,4.052879539119633,42.96301390057804
0.20488888888888887,4.0325427260395905,42.9433764077273
0.20488888888888887,4.012930946928753,42.92497616306539
0.20488888888888887,3.9940282421664217,42.90780816935724
0.20488888888888887,3.975813633198771,42.89186436216114
0.16927777777777778,3.958227142850966,42.87713337379066
0.16927777777777778,3.9411583106006045,42.86359857194807
0.16927777777777778,3.92453538440299,42.851239129831754
0.16927777777777778,3.908292039636093,42.84003134412321
0.16927777777777778,3.8923745012147353,42.82994947663574
0.14619444444444446,3.8767164485200154,42.820966285748554
0.14619444444444446,3.861229018814879,42.813052236403614
0.14619444444444446,3.845856506026873,42.806176508508834
0.14619444444444446,3.830553039312675,42.80030804076645
0.14619444444444446,3.815285760161718,42.795416170239385
0.16136111111111115,3.800047354489435,42.79147134032354
0.16136111111111115,3.7848593180925185,42.78844639502869
0.16136111111111115,3.76973261021686,42.78631646905227
0.16136111111111115,3.7546806930302665,42.7850586763244
0.16136111111111115,3.7397155537252957,42.784651924022896
0.16136111111111115,3.7248478263213576,42.785076686292264
0.14394444444444446,3.710069576634441,42.78631460685739
0.14394444444444446,3.695348219757094,42.78834726029488
0.14394444444444446,3.680669783890347,42.791156395571605
0.14394444444444446,3.6660223632541924,42.794724313491464
0.13405555555555554,3.65138956361253,42.7990339153109
0.13405555555555554,3.6367458073808834,42.80406825361611
0.13405555555555554,3.622079871194537,42.80981084590672
0.13405555555555554,3.607384644259853,42.81624600248137
0.13405555555555554,3.592658298582028,42.823358983495794
0.1869166666666667,3.5779556480952297,42.831136717245
0.1869166666666667,3.563405923442465,42.8395710850868
0.1869166666666667,3.5490809432735646,42.848657717880954
0.1869166666666667,3.5350449531629002,42.85839440486152
0.1869166666666667,3.521344382724348,42.86878018508057
0.20894444444444446,3.508033162341758,42.87981473591685
0.20894444444444446,3.495183383631146,42.891499093739604
0.20894444444444446,3.482833060845612,42.90383470726435
0.20894444444444446,3.471009125454649,42.91682249030278
0.20894444444444446,3.4597249892350685,42.9304622844531
0.1946388888888889,3.4489692266478653,42.94475227307287
0.1946388888888889,3.438702893294132,42.95968784822727
0.1946388888888889,3.4288969505756772,42.975261813538246
0.1946388888888889,3.4195202076427544,42.991464781445124
0.1946388888888889,3.4105432562082925,43.00828545120257
0.18099999999999997,3.4019249200172585,43.025710766019586
0.18099999999999997,3.393607395818997,43.04372535536692
0.18099999999999997,3.385550018428184,43.062312101740964
0.18099999999999997,3.3777161755462464,43.08145277255283
0.18099999999999997,3.370075745227156,43.10112844317824
0.1814722222222222,3.3626045024821805,43.12131988583585
0.1814722222222222,3.35528338768048,43.142007897425074
0.1814722222222222,3.3480965764001502,43.163173517726726
0.1814722222222222,3.3410312895841336,43.18479818758997
0.1814722222222222,3.3340771668662215,43.2068638673494
0.16044444444444445,3.327204923858338,43.2293528756505
0.16044444444444445,3.320358525864173,43.252246635882926
0.16044444444444445,3.3135070048009023,43.275526191704074
0.16044444444444445,3.306624120941285,43.29917284924464
0.16044444444444445,3.2996920178096083,43.32316852127338
0.15761111111111112,3.2926967091543076,43.347496003629146
0.15761111111111112,3.2856256688228265,43.37213900197651
0.15761111111111112,3.2784736941858097,43.39708231835305
0.15761111111111112,3.271239246407312,43.42231199338317
0.15761111111111112,3.263924190683454,43.44781536140049
0.15761111111111112,3.256532955615362,43.47358106603134
0.15308333333333335,3.2490673433506436,43.499598983429024
0.15308333333333335,3.2415243659525226,43.525859885071014
0.15308333333333335,3.233907020645142,43.55235547005128
0.15308333333333335,3.2262196081457093,43.57907841557257
0.16641666666666663,3.2184815499921924,43.60602251399005
0.16641666666666663,3.2107315804008922,43.633183486055785
0.16641666666666663,3.202994262568963,43.66055862056621
0.16641666666666663,3.1952923768010213,43.68814630612148
0.16641666666666663,3.187644194591796,43.71594573628187
0.19974999999999996,3.1800973939226034,43.74395701788523
0.19974999999999996,3.1727415387180207,43.77218306242832
0.19974999999999996,3.165626003154771,43.80062863299437
0.19974999999999996,3.158792269216911,43.82929919809262
0.19974999999999996,3.1522681835560924,43.85820027804601
0.21508333333333335,3.1460859441076052,43.88733703909954
0.21508333333333335,3.1402898134659583,43.91671486357037
0.21508333333333335,3.1348999896782144,43.94633872296447
0.21508333333333335,3.129928797166491,43.976212553227064
0.21508333333333335,3.125379134569781,44.00633892735708
0.23347222222222222,3.1212649128781473,44.03671902947389
0.23347222222222222,3.1176193471171914,44.06735371026914
0.23347222222222222,3.11445081700759,44.09824301984305
0.23347222222222222,3.1117616001704747,44.12938567799579
0.23347222222222222,3.10954543396862,44.160778849876735
0.24200000000000002,3.107798083085092,44.192418079831675
0.24200000000000002,3.1065220687348027,44.224297783818635
0.24200000000000002,3.1057069118162466,44.25641107123278
0.24200000000000002,3.1053383904326313,44.28874956548291
0.24200000000000002,3.105397861063735,44.32130338574656
0.23936111111111114,3.1058609526835665,44.35406113457159
0.23936111111111114,3.106697690161809,44.3870098033184
0.23936111111111114,3.1078798806344583,44.420134952051335
0.23936111111111114,3.109379260705448,44.453420934804
0.23936111111111114,3.111168502614876,44.486851103299195
0.18099999999999997,3.1131633541881896,44.52040730695585
0.18099999999999997,3.115202040482097,44.55406627538137
0.18099999999999997,3.117189990059367,44.58780120295598
0.18099999999999997,3.1190441237366713,44.62158374247518
0.18099999999999997,3.120703588248769,44.6553851571195
0.18099999999999997,3.1221255234234078,44.68917738747427
0.12394444444444444,3.123224764961805,44.72293312223762
0.12394444444444444,3.1238506365111482,44.75662257130012
0.12394444444444444,3.1239259228044634,44.79021518814411
0.12394444444444444,3.1233903537497065,44.823681662645264
0.05830555555555555,3.1221441240634014,44.85699418014095
0.05830555555555555,3.1200190876051903,44.89012298903133
0.05830555555555555,3.116936912024576,44.9230385651187
0.05830555555555555,3.11284265440136,44.95571399213534
0.05830555555555555,3.1077137809106143,44.988126197223885
0.01138888888888889,3.1015062657317483,45.020256374306086
0.01138888888888889,3.0941319866675236,45.05208742915529
0.01138888888888889,3.0855701489345457,45.08360536262995
0.01138888888888889,3.075818514705234,45.114800749121464
0.01138888888888889,3.064898829404513,45.14566935274949
0.0,3.0528395336445513,45.17621241283398
0.0,3.039666865150637,45.206435986499486
0.0,3.0254291567948552,45.23635109516675
0.0,3.0101827978358253,45.26597378303393
0.0,2.993991807326052,45.29532489087869
0.0,2.976925021487253,45.32442973872863
0.0,2.9590538599770246,45.353317707699624
0.0,2.940450570997229,45.382021758694435
0.0,2.9211868710712845,45.41057791738275
0.0,2.901332908799545,45.439024748104714
0.0,2.880956493338369,45.46740283380563
0.0,2.860122538038892,45.49575427461806
0.0,2.838892677882691,45.52412221408396
0.0,2.8173250262833975,45.55255039910813
0.0,2.7954740426743054,45.58108277743317
0.0,2.7733904872333053,45.60976313461954
0.0,2.7511214432459434,45.638634771117246
0.0,2.7287103910929087,45.667740218951955
0.0,2.7061973207704986,45.697120996759566
0.0,2.683618872297476,45.726817401333975
0.036527777777777784,2.661044840846235,45.756868797020466
0.036527777777777784,2.63859133103529,45.7873159699835
0.036527777777777784,2.6163304094865167,45.818200094944594
0.036527777777777784,2.594325185905892,45.84956145225599
0.036527777777777784,2.5726232852648594,45.881438711008826
0.07061111111111112,2.551293581144939,45.91386871459092
0.07061111111111112,2.5304406696778448,45.946888379385285
0.07061111111111112,2.5101223725137367,45.98053355118037
0.07061111111111112,2.490383943160516,46.01483773043277
0.07061111111111112,2.471253171769214,46.04983140570366
0.07061111111111112,2.452743981153661,46.085541506467194
0.11413888888888889,2.4349027120934137,46.1219916472926
0.11413888888888889,2.417826045546798,46.15920500703942
0.11413888888888889,2.4015551413989535,46.19720322171439
0.11413888888888889,2.386118871199768,46.236005043959196
0.12319444444444444,2.3715361717748857,46.275625846224735
0.12319444444444444,2.3578234933704385,46.316077743291785
0.12319444444444444,2.3449758318089637,46.35736910957178
0.12319444444444444,2.332978221536394,46.399504221519535
0.12319444444444444,2.321806383743851,46.4424831820042
0.12461111111111113,2.3114306599645187,46.48630197978996
0.12461111111111113,2.3018185585168536,46.53095275010899
0.12461111111111113,2.2929328857792486,46.57642398419753
0.12461111111111113,2.284734408924922,46.62270078453549
0.12461111111111113,2.277182629157699,46.66976517636742
0.13458333333333333,2.2702466123957437,46.717596569627354
0.13458333333333333,2.2639092368669456,46.76617280795152
0.13458333333333333,2.258143014339638,46.815470254495786
0.13458333333333333,2.2529200157803473,46.86546379072061
0.13458333333333333,2.2482103262485293,46.91612695328581
0.15233333333333338,2.244000624026917,46.96743229995103
0.15233333333333338,2.2403012105531257,47.01935283923595
0.15233333333333338,2.2371025804379507,47.07186174815449
0.15233333333333338,2.2343928070588706,47.12493195592135
0.15233333333333338,2.232154600876079,47.178536001664014
0.14847222222222223,2.2303629817324904,47.23264585785356
0.14847222222222223,2.228985128593883,47.28723261170889
0.14847222222222223,2.2279909274135443,47.34226658869126
0.14847222222222223,2.2273500593386744,47.39771755171615
0.14847222222222223,2.2270333202043027,47.453554870616045
0.10966666666666665,2.226974202215413,47.509747182007736
0.10966666666666665,2.2270552308856937,47.566259737160856
0.10966666666666665,2.2272042133465306,47.623055590347185
0.10966666666666665,2.227357198489442,47.680097091770456
0.10966666666666665,2.227465607749529,47.73734675837894
0.06877777777777778,2.2274527219664564,47.79476752408305
0.06877777777777778,2.22719678487727,47.85232031808796
0.06877777777777778,2.2266303658753777,47.909965564331024
0.06877777777777778,2.2256996536866884,47.967664878245586
0.06877777777777778,2.224370605651653,48.02538200552826
0.0765,2.2226325486277294,48.083083728645114
0.0765,2.2204975476349946,48.14074095235162
0.0765,2.2179784866690713,48.19832878203588
0.0765,2.2150941646788,48.25582636351016
0.0765,2.2118660137000212,48.313216714159246
0.0765,2.20831714380808,48.37048646605945
0.4297222222222222,2.2048230429818085,48.427630499553956
0.4297222222222222,2.2022365176446828,48.48467817568473
0.4297222222222222,2.2010118424642595,48.541683376516275
0.4297222222222222,2.2015418842677255,48.59871155540457
0.04861111111111111,2.2037137583154025,48.65582715432832
0.04861111111111111,2.2067987438535823,48.71305799292814
0.04861111111111111,2.2104178180739478,48.77040097115706
0.04861111111111111,2.214194912140008,48.82783258545103
0.04861111111111111,2.217841213303201,48.88531446706214
0.03836111111111111,2.22112912413727,48.942799229739606
0.03836111111111111,2.2238753591481486,49.000234281518004
0.03836111111111111,2.2259552723631524,49.05756557070578
0.03836111111111111,2.2272838374625,49.11474050528071
0.03836111111111111,2.2278098641371558,49.171709970558
0.024166666666666666,2.2274947827730096,49.22842954715202
0.024166666666666666,2.2263017433496626,49.28485931972602
0.024166666666666666,2.2242259755935905,49.340964775614125
0.024166666666666666,2.22127728084297,49.3967175160309
0.024166666666666666,2.2174794222197245,49.452095496557
0.03075,2.212873041097596,49.507083169808055
0.03075,2.207515047621225,49.561671840197505
0.03075,2.201459927155437,49.61585917060742
0.03075,2.1947641270789995,49.66964852775217
0.03075,2.187483338651793,49.72304837026134
0.06211111111111111,2.1797029945775774,49.77607206304222
0.06211111111111111,2.1715488944056256,49.82873971768097
0.06211111111111111,2.1631091132726095,49.88107670171964
0.06211111111111111,2.1544637175570465,49.93311190707893
0.06211111111111111,2.145678855057452,49.984876588931236
0.06530555555555556,2.136812129413656,50.03640333680723
0.06530555555555556,2.127915601624158,50.08772547670578
0.06530555555555556,2.119029457681158,50.13887631449912
0.06530555555555556,2.1101864043445144,50.18988850501412
0.06530555555555556,2.1014122207806323,50.240793602299014
0.05536111111111111,2.092717058017887,50.29162157074665
0.05536111111111111,2.08409290986637,50.34239975278075
0.05536111111111111,2.075539102813514,50.39315300305739
0.05536111111111111,2.0670535032917643,50.44390397767369
0.05536111111111111,2.058634936987617,50.49467330428705
0.05536111111111111,2.050282964534983,50.54547977884248
0.03855555555555556,2.041980976558723,50.59634028353667
0.03855555555555556,2.0336900718799544,50.64726857880774
0.03855555555555556,2.0253905861830623,50.698275925459825
0.03855555555555556,2.017065939025196,50.74937184257541
0.04055555555555555,2.0087076335228553,50.800564590014275
0.04055555555555555,2.00031469086709,50.85186174800243
0.04055555555555555,1.9918876399722094,50.903270465708935
0.04055555555555555,1.98342956159181,50.95479760474312
0.04055555555555555,1.974945011193186,51.00644984930911
0.0005555555555555556,1.966399784897766,51.058233159423416
0.0005555555555555556,1.9577063543609998,51.110149531381225
0.0005555555555555556,1.9488227200274564,51.16219820292497
0.0005555555555555556,1.9397139742313185,51.214377209589564
0.0005555555555555556,1.9303594757748352,51.26668422487965
0.0,1.9207492711515637,51.31911732746209
0.0,1.9108814011447917,51.37167548521274
0.0,1.9007612270031424,51.42435890914291
0.0,1.8903992224012616,51.47716926331945
0.0,1.879809710693467,51.53010975120508
0.0,1.8690097208301768,51.583185116202515
0.0,1.8580180674635134,51.63640157694319
0.0,1.846854617329082,51.689766716522065
0.0,1.835539709933887,51.743289340924974
0.0,1.8240937056339472,51.79697931863651
0.0,1.812536638478394,51.85084741074207
0.0,1.8008879548403556,51.904905098652236
0.0,1.789166321943767,51.95916441480028
0.0,1.777389493010762,52.01363778022638
0.0,1.7655742179663116,52.068337851807826
0.0,1.7537361905050137,52.12327738097417
0.0,1.7418900239005757,52.17846908502018
0.0,1.7300492492653219,52.233925531562235
0.0,1.7182263310824375,52.28965903624766
0.0,1.7064326957695768,52.34568157349701
0.0,1.6946787698162538,52.402004699816246
0.0,1.6829740246923588,52.458639489042845
0.0,1.6713270262711002,52.51559647877272
0.0,1.6597454869635573,52.57288562714214
0.0,1.6482363191382623,52.63051627910088
0.04777777777777778,1.636853227997558,52.688497903120634
0.04777777777777778,1.625713745036162,52.746844182034415
0.04777777777777778,1.614880872466009,52.805571504307835
0.04777777777777778,1.604408781085173,52.86469700022929
0.04777777777777778,1.5943340832420752,52.92423746867229
0.04777777777777778,1.5846793348313066,52.984208380141325
0.1141111111111111,1.5755219426976177,53.04462425595629
0.1141111111111111,1.5670201423062864,53.105503986541066
0.1141111111111111,1.5592505839300728,53.16686847319746
0.1141111111111111,1.5522733334062977,53.228737768255556
0.16933333333333334,1.5461759627809533,53.29113046417715
0.16933333333333334,1.541099053576266,53.3540672039003
0.16933333333333334,1.5371041842861335,53.41756807946475
0.16933333333333334,1.5342306678466135,53.481649862959735
0.16933333333333334,1.53248865945703,53.546324566186755
0.17580555555555558,1.5318722333680967,53.61159840624811
0.17580555555555558,1.5323671255705906,53.67747175191877
0.17580555555555558,1.5339391354458909,53.743938683106975
0.17580555555555558,1.5365439145597195,53.810986780856304
0.17580555555555558,1.5401286852944478,53.87859725609776
0.16938888888888887,1.5446286513149927,53.94674513425806
0.16938888888888887,1.5499669501673732,54.01539911706993
0.16938888888888887,1.5560723229200428,54.0845223209638
0.16938888888888887,1.5628743659302016,54.15407313757807
0.16938888888888887,1.5703057749184879,54.224005999155885
0.15638888888888888,1.5782897515720913,54.29427192230309
0.15638888888888888,1.586735592983562,54.36481804290646
0.15638888888888888,1.5955710145295678,54.435588692379724
0.15638888888888888,1.6047297524781174,54.50652654791181
0.15638888888888888,1.614153911302458,54.577573472549226
0.17436111111111113,1.6238108173647594,54.64867158182637
0.17436111111111113,1.633698503664599,54.71976550349423
0.17436111111111113,1.6438003774407364,54.790802284455026
0.17436111111111113,1.654101696363067,54.86173101007993
0.17436111111111113,1.6645856581177145,54.932502688213035
0.19422222222222224,1.6752539277316367,55.00307042627321
0.19422222222222224,1.6861343037588432,55.07339115592367
0.19422222222222224,1.6972319735024108,55.14342490835909
0.19422222222222224,1.7085488580043722,55.2131339137742
0.19422222222222224,1.7200802453094948,55.282482114727465
0.21972222222222224,1.731841808877224,55.351435163806364
0.21972222222222224,1.743880010513103,55.41996249440832
0.21972222222222224,1.7562099887855604,55.48803626913678
0.21972222222222224,1.768840794501485,55.555630143967086
0.21972222222222224,1.7817714029281777,55.62271860396296
0.21972222222222224,1.7949931078183508,55.68927638481343
0.26563888888888887,1.8085371648958444,55.75527890060435
0.26563888888888887,1.8224927006277458,55.82070634547199
0.26563888888888887,1.836894201408005,55.8855420277524
0.26563888888888887,1.8517664130123723,55.94977030692427
0.26563888888888887,1.8671167260542858,56.013375523493295
0.28825,1.8829616398951705,56.076341445882484
0.28825,1.8993380492466827,56.13865281083497
0.28825,1.9162498586811463,56.200294206368326
0.28825,1.933691736533753,56.261248917830216
0.2920277777777777,1.9516504543392417,56.32149845484149
0.2920277777777777,1.9701092513809868,56.38102251980243
0.2920277777777777,1.9890409250182062,56.439798719592254
0.2920277777777777,2.0084134181339803,56.49780241252624
0.2920277777777777,2.028190708511351,56.555006760716175
0.2854444444444445,2.048327787338662,56.61138276058498
0.2854444444444445,2.068769530634902,56.66689884326329
0.2854444444444445,2.0894679632078326,56.72152139593388
0.2854444444444445,2.1103767010740535,56.77521538702104
0.2854444444444445,2.131452715513308,56.82794486967929
0.27069444444444446,2.1526415906790044,56.87967321026542
0.27069444444444446,2.17387217978811,56.930362097742965
0.27069444444444446,2.195093032571802,56.9799724525484
0.27069444444444446,2.2162581575902878,57.028465444858504
0.27069444444444446,2.2373295744969224,57.07580315695211
0.24266666666666667,2.2582481958984273,57.12194866917317
0.24266666666666667,2.2789228168320177,57.16686377547766
0.24266666666666667,2.2992986815245553,57.21051031488251
0.24266666666666667,2.3193299435502945,57.25285170867119
0.24266666666666667,2.338984165534753,57.29385382558099
0.23716666666666664,2.3582342682199853,57.333485631748445
0.23716666666666664,2.377054429042711,57.37171914576098
0.23716666666666664,2.395431930471153,57.40852992881274
0.23716666666666664,2.4133604300962204,57.4438974762681
0.23716666666666664,2.4308397541854925,57.477805370086365
0.21849999999999997,2.4478559268976103,57.51024098750171
0.21849999999999997,2.4643733892476063,57.541193605668994
0.21849999999999997,2.4803803237100266,57.57065494239662
0.21849999999999997,2.4958700584383418,57.598619842081156
0.21849999999999997,2.5108438808768243,57.625086522303036
0.21849999999999997,2.5253091945648465,57.650056760269486
0.18855555555555553,2.53924821439433,57.673535377676565
0.18855555555555553,2.5526060935803594,57.695527204005856
0.18855555555555553,2.5653641373762586,57.71603801398968
0.18855555555555553,2.577510390566841,57.73507573242197
0.15341666666666667,2.589009532271283,57.75265030901025
0.15341666666666667,2.599787713642488,57.76877068296717
0.15341666666666667,2.6098174516444477,57.78344628653055
0.15341666666666667,2.61908227053398,57.79668875274411
0.15341666666666667,2.6275817074984564,57.808512732186415
0.11502777777777777,2.6352894071203483,57.81893583991791
0.11502777777777777,2.6421364408557464,57.82797517865858
0.11502777777777777,2.6481039711428167,57.83564883894176
0.11502777777777777,2.65318456870256,57.84197763039455
0.11502777777777777,2.6573876493362327,57.84698584732782
0.08472222222222221,2.660705254013194,57.850701308436236
0.08472222222222221,2.663097959573762,57.853152604144256
0.08472222222222221,2.6645672908189537,57.85437021402642
0.08472222222222221,2.665124592989856,57.854387761004325
0.08472222222222221,2.664794858176412,57.85324247249418
0.07158333333333333,2.663600079568423,57.850975249644534
0.07158333333333333,2.661551683621134,57.84762939448942
0.07158333333333333,2.6586807560904813,57.84325092206253
0.07158333333333333,2.6550236204907143,57.83788886815871
0.07158333333333333,2.650622770586124,57.83159521373917
0.08175,2.6455348756827335,57.82442491107574
0.08175,2.639832710694453,57.81643660025923
0.08175,2.633578631012153,57.80769185521129
0.08175,2.626833249101225,57.79825427026982
0.08175,2.619652770838126,57.78818874419899
0.09711111111111112,2.612104415862414,57.777561063583036
0.09711111111111112,2.604272046876182,57.766438809924985
0.09711111111111112,2.5962182937107374,57.75489025781822
0.09711111111111112,2.587999438166323,57.74298318574058
0.09711111111111112,2.5796628097302063,57.73078409162915
0.11719444444444443,2.571268100089249,57.71835787275515
0.11719444444444443,2.5628956403262646,57.70576929253566
0.11719444444444443,2.5545976031709876,57.69308186052902
0.11719444444444443,2.546418024143363,57.680356616304636
0.11719444444444443,2.5383898247021563,57.66765144555735
0.12861111111111112,2.5305482323653603,57.655020723306905
0.12861111111111112,2.522936559609749,57.6425160850796
0.12861111111111112,2.515579344614881,57.630185815905485
0.12861111111111112,2.5084944513563285,57.61807424797173
0.12861111111111112,2.5016919609000916,57.60622150524946
0.12861111111111112,2.495175813404198,57.59466334523704
0.13133333333333333,2.488947872124391,57.58343119001359
0.13133333333333333,2.4830100053871687,57.57255247987101
0.13133333333333333,2.477358252528629,57.562050734870944
0.13133333333333333,2.4719861679852224,57.55194564160551
0.13133333333333333,2.466884923229515,57.54225323497453
0.12536111111111112,2.4620380454368807,57.53298599804051
0.12536111111111112,2.457419844265298,57.52415251550357
0.12536111111111112,2.4530106525064688,57.51575795287059
0.12536111111111112,2.4487914689186283,57.507804606844225
0.12766666666666668,2.4447476227777694,57.500292368994984
0.12766666666666668,2.4408693729321715,57.49321935627037
0.12766666666666668,2.4371459970824327,57.486582175851844
0.12766666666666668,2.4335678187126617,57.480376118089524
0.12766666666666668,2.4301256266451072,57.474595357604095
0.13705555555555557,2.4268200437195233,57.46923329393134
0.13705555555555557,2.4236648767419973,57.46428362703688
0.13705555555555557,2.420663850538255,57.459740151408916
0.13705555555555557,2.41781957256,57.45559643701626
0.13705555555555557,2.4151317965642254,57.45184569976098
0.142,2.4126030050706886,57.448480768417475
0.142,2.4102407092785665,57.44549450448916
0.142,2.408045637403823,57.4428795993466
0.142,2.406016816847801,57.44062835165016
0.142,2.4041509542571973,57.43873257481434
0.14566666666666667,2.4024466715892343,57.43718359726719
0.14566666666666667,2.400906287269972,57.43597260240953
0.14566666666666667,2.399527115556732,57.43509050901815
0.14566666666666667,2.3983052799326954,57.4345278376138
0.14566666666666667,2.397235286551875,57.43427467276911
0.13630555555555554,2.396301169574461,57.43432047266135
0.13630555555555554,2.3954735350336276,57.434653164929856
0.13630555555555554,2.3947330573242116,57.4352595279208
0.13630555555555554,2.394061770980898,57.43612568729174
0.13630555555555554,2.393444974805766,57.437237421146335
0.12369444444444445,2.3928581495458583,57.438580222227095
0.12369444444444445,2.392262023803836,57.440138286148795
0.12369444444444445,2.391633446012058,57.44189514426461
0.12369444444444445,2.390953013061558,57.44383438549809
0.12369444444444445,2.3902071147223887,57.44594007029467
0.12369444444444445,2.389386792647731,57.44819709060361
0.12652777777777777,2.3884896120385855,57.4505914645799
0.12652777777777777,2.387519884200978,57.4531107655391
0.12652777777777777,2.3864809975702146,57.45574409746919
0.12652777777777777,2.385377592931626,57.45848198572085
0.12652777777777777,2.384214607972529,57.46131628758231
0.12844444444444444,2.3829990352373174,57.46424011323431
0.12844444444444444,2.381740486535607,57.46724789945942
0.12844444444444444,2.3804463527404676,57.470335226996674
0.12844444444444444,2.3791235667167903,57.473498621476224
0.12702777777777777,2.3777767912409473,57.47673537502752
0.12702777777777777,2.3764080181660936,57.48004326459574
0.12702777777777777,2.3750201698123505,57.48342048230344
0.12702777777777777,2.3736158251914885,57.48686559901931
0.12702777777777777,2.3721975504642434,57.4903775131021
0.13058333333333333,2.3707713961851544,57.49395547489114
0.13058333333333333,2.369348130675104,57.497599396578224
0.13058333333333333,2.367934406379638,57.50130968399827
0.13058333333333333,2.366536141740207,57.50508703282299
0.13058333333333333,2.3651578584176396,57.508932303941954
0.1400833333333333,2.363812385650895,57.51284658216459
0.1400833333333333,2.3625244475731555,57.51683202387828
0.1400833333333333,2.3613072958285937,57.520891445349
0.1400833333333333,2.3601719332152293,57.525027828567
0.1400833333333333,2.359125491332796,57.5292440468299
0.1496111111111111,2.358181499644596,57.53354279488797
0.1496111111111111,2.3573639248147855,57.537927361245764
0.1496111111111111,2.356684096964423,57.54240117559352
0.1496111111111111,2.356150255595938,57.54696730287676
0.1496111111111111,2.3557661620945036,57.55162817963433
0.1481111111111111,2.3555305915019504,57.55638536897961
0.1481111111111111,2.3554376089073936,57.56123928631839
0.1481111111111111,2.355480949745102,57.56618919746834
0.1481111111111111,2.3556531267467036,57.571233285204954
0.1481111111111111,2.3559461429477597,57.57636872197513
0.12669444444444447,2.3563304254452873,57.581591374953675
0.12669444444444447,2.3567474048964216,57.58689380253866
0.12669444444444447,2.357162740172502,57.592266150902084
0.12669444444444447,2.357545968865137,57.59769727889918
0.12669444444444447,2.357874524171022,57.60317541745958
0.12669444444444447,2.3581322454657285,57.60868878213636
0.07663888888888888,2.3582583305959237,57.614225102578146
0.07663888888888888,2.358128512801006,57.61976700549412
0.07663888888888888,2.357678256213575,57.62529407004212
0.07663888888888888,2.3568542234179297,57.63078533683999
0.042333333333333334,2.355588750952257,57.636220042799366
0.042333333333333334,2.3537835570282857,57.641575456826324
0.042333333333333334,2.3513913712590484,57.646828953603546
0.042333333333333334,2.348380366467407,57.65196013521809
0.042333333333333334,2.3447381689950615,57.656951964902255
0.04427777777777778,2.340469441699781,57.66179168262162
0.04427777777777778,2.3355930015044177,57.666471482331715
0.04427777777777778,2.3301340794019363,57.67098862472576
0.04427777777777778,2.32412380294456,57.67534530402539
0.04427777777777778,2.317596919440996,57.67954839273132
0.03875,2.3105848960738418,57.6836089733779
0.03875,2.3031128463333936,57.68754136411976
0.03875,2.295212360790347,57.69136285938829
0.03875,2.2869155549309426,57.69509351599436
0.03875,2.2782555758399656,57.69875582169025
0.020916666666666663,2.269248081847991,57.702374039257435
0.020916666666666663,2.2598843046414006,57.70597209845934
0.020916666666666663,2.2501747901727813,57.709573904317494
0.020916666666666663,2.240132022999397,57.71320384330122
0.020916666666666663,2.229773460039535,57.716886917905505
0.04225000000000001,2.219141303020907,57.72064925856052
0.04225000000000001,2.2083089098129425,57.72452024172124
0.04225000000000001,2.1973269894130745,57.72853163272718
0.04225000000000001,2.1862432449672915,57.73271644609543
0.04225000000000001,2.1750978778468677,57.73710823363002
0.08888888888888888,2.1639710921341853,57.74174125242175
0.08888888888888888,2.1530006123228955,57.746654536787396
0.08888888888888888,2.142266905988118,57.7518897598778
0.08888888888888888,2.1318384353709523,57.75748869904174
0.08888888888888888,2.121763684038899,57.763491798289046
0.12169444444444445,2.112107679751776,57.76993749618928
0.12169444444444445,2.1029668813503664,57.77686460141743
0.12169444444444445,2.094390553355408,57.78431052872497
0.12169444444444445,2.086414321082056,57.792309431768174
0.12169444444444445,2.079055967031712,57.800891239174376
0.15063888888888888,2.0723480978377693,57.81008143262457
0.15063888888888888,2.06635161558712,57.819903510639826
0.15063888888888888,2.0610865962755267,57.83037778314678
0.15063888888888888,2.056562075072073,57.84152005562165
0.15063888888888888,2.0527724601067945,57.85334108832426
0.16308333333333333,2.049713403749791,57.8658464449041
0.16308333333333333,2.0473890758731215,57.87903763134862
0.16308333333333333,2.04578363926823,57.89291175139857
0.16308333333333333,2.044875010067645,57.90746118010457
0.16308333333333333,2.044634071990085,57.92267361320078
0.16308333333333333,2.0450267685589028,57.93853220899814
0.1636111111111111,2.046016310938182,57.95501587246726
0.1636111111111111,2.0475647078884025,57.972099672148765
0.1636111111111111,2.0496325182145436,57.98975524181443
0.1636111111111111,2.0521801826513206,58.007951207306434
0.1593888888888889,2.055164361928614,58.02665355768954
0.1593888888888889,2.0585369536574194,58.045825670936374
0.1593888888888889,2.0622559393336264,58.065428906045696
0.1593888888888889,2.0662816243447817,58.08542322153304
0.1593888888888889,2.0705775994304485,58.10576767633294
0.18494444444444444,2.075135978766646,58.12642136772559
0.18494444444444444,2.079986289308902,58.14734638501498
0.18494444444444444,2.0851319438140843,58.168507201996974
0.18494444444444444,2.0905744675629405,58.1898697376371
0.18494444444444444,2.0963086206012904,58.211400927486366
0.18213888888888888,2.1023212777454376,58.233068249961306
0.18213888888888888,2.108591793179624,58.254839178290936
0.18213888888888888,2.1151000563185787,58.27668113596539
0.18213888888888888,2.121824698511787,58.29856157115504
0.18213888888888888,2.128744316260057,58.3204480341321
0.18352777777777776,2.135839209635892,58.34230832068488
0.18352777777777776,2.14309214462918,58.36411073854942
0.18352777777777776,2.15048510829386,58.38582418457092
0.18352777777777776,2.158000774992697,58.40741820346223
0.18352777777777776,2.165622343937623,58.42886307010794
0.1756111111111111,2.1733258178927475,58.45012971669103
0.1756111111111111,2.181077298646151,58.47118900949897
0.1756111111111111,2.1888526783321716,58.49201211633952
0.1756111111111111,2.196630117218067,58.51257095521481
0.1756111111111111,2.204391515561125,58.53283846111994
0.15055555555555555,2.212097009816812,58.552788358303474
0.15055555555555555,2.219675578721651,58.57239280246238
0.15055555555555555,2.2270867214364882,58.591623440542165
0.15055555555555555,2.234296163914212,58.61045270241229
0.15055555555555555,2.241280158507294,58.628854503017855
0.12569444444444444,2.2479986774597482,58.64680439834729
0.12569444444444444,2.2543848579581707,58.66427747802737
0.12569444444444444,2.260405191419376,58.68124954589133
0.12569444444444444,2.2660345954942707,58.69769844596941
0.12569444444444444,2.2712600138730936,58.71360473866977
0.12569444444444444,2.2760778267914006,58.7289522533506
0.10655555555555556,2.280472674170103,58.743728035243656
0.10655555555555556,2.2844089028968035,58.75792052301902
0.10655555555555556,2.287876568775652,58.77152025224948
0.10655555555555556,2.2908719893345317,58.78452066680624
0.11536111111111111,2.2934090828614875,58.796918597190675
0.11536111111111111,2.295520362036537,58.80871537871928
0.11536111111111111,2.2972333679682024,58.81991656197346
0.11536111111111111,2.2985776682821117,58.83053139304734
0.11536111111111111,2.2995820987814177,58.84057239425398
0.10844444444444443,2.3002676050256743,58.85005476567798
0.10844444444444443,2.3006445872314387,58.858995239009175
0.10844444444444443,2.30072990892336,58.867411927515775
0.10844444444444443,2.3005402069419363,58.8753242842136
0.10844444444444443,2.3000931206921957,58.88275293844902
0.11005555555555556,2.299408385571802,58.8897195818774
0.11005555555555556,2.2985080065557275,58.89624696701923
0.11005555555555556,2.2974119574647793,58.902358669642766
0.11005555555555556,2.2961394870089937,58.90807883051327
0.11005555555555556,2.2947086505816654,58.913431936252046
0.11372222222222222,2.293139952320248,58.91844268041907
0.11372222222222222,2.2914576617900675,58.92313615168179
0.11372222222222222,2.2896807554787095,58.92753753058942
0.11372222222222222,2.2878264596909297,58.931671767018244
0.11372222222222222,2.2859096247486232,58.93556335967411
0.12669444444444447,2.283955950721546,58.93923640785596
0.12669444444444447,2.2820068738199266,58.942715785502116
0.12669444444444447,2.280087656755176,58.94602653504654
0.12669444444444447,2.278219990167243,58.94919314936889
0.12669444444444447,2.276419790013684,58.95223917022541
0.14388888888888887,2.2747154005764703,58.955187160945044
0.14388888888888887,2.27315461773168,58.95806022456745
0.14388888888888887,2.2717628345323067,58.96088120380371
0.14388888888888887,2.270560097830411,58.963671763268366
0.14388888888888887,2.269558469740578,58.966451912497185
0.14388888888888887,2.2687636990958704,58.969239606181155
0.14580555555555555,2.2681785090052324,58.97205054478622
0.14580555555555555,2.267804413876293,58.97489826092235
0.14580555555555555,2.2676378999095212,58.97779403289041
0.14580555555555555,2.2676730149676905,58.980746848400535
0.12252777777777779,2.267878469970638,58.98376302068443
0.12252777777777779,2.26818999971335,58.98684391003281
0.12252777777777779,2.268568562425437,58.989986949726195
0.12252777777777779,2.2689785074810036,58.99318695455758
0.12252777777777779,2.2693921733250546,58.99643692246501
0.10822222222222223,2.2697742217197456,58.99972852367991
0.10822222222222223,2.2700753535386755,59.00305122143547
0.10822222222222223,2.270266758469486,59.006393255752776
0.10822222222222223,2.2703256096541145,59.0097426688731
0.10822222222222223,2.2702369939273486,59.013087916665505
0.10102777777777777,2.269985139722273,59.01641824007587
0.10102777777777777,2.26954952437022,59.01972326945926
0.10102777777777777,2.2689216020920218,59.022993507269256
0.10102777777777777,2.268097024774515,59.02622078849647
0.10102777777777777,2.267076222549539,59.02939850223913
0.09488888888888887,2.2658571721799228,59.03252162410032
0.09488888888888887,2.264432296502307,59.03558614032625
0.09488888888888887,2.26280293083628,59.038589261592996
0.09488888888888887,2.2609728531536795,59.04152965182478
0.09488888888888887,2.2589489259928026,59.0444074821221
0.10255555555555557,2.256747894052104,59.047224593383284
0.10255555555555557,2.2543984363994882,59.0499852346907
0.10255555555555557,2.2519216255049503,59.05269567966177
0.10255555555555557,2.249337820951471,59.055363727551494
0.10255555555555557,2.246664920925835,59.05799835737811
0.1276111111111111,2.2439435818169313,59.06060986415192
0.1276111111111111,2.241246378488509,59.06321213675405
0.1276111111111111,2.2386159348946175,59.06582146089373
0.1276111111111111,2.23608906196821,59.068455085523524
0.1276111111111111,2.233692331920608,59.07113038732309
0.1562222222222222,2.2314725146440213,59.0738646614462
0.1562222222222222,2.2295083845806762,59.07667751516116
0.1562222222222222,2.227841174004742,59.07958941192258
0.1562222222222222,2.2265030340626386,59.08262003519913
0.1562222222222222,2.2255127080111023,59.08578740135924
0.1562222222222222,2.2248783632394553,59.089107112459715
0.15883333333333333,2.2246025264464167,59.09259194158281
0.15883333333333333,2.224684932846017,59.09625185449453
0.15883333333333333,2.225117627433768,59.1000938305077
0.15883333333333333,2.225888740058874,59.104121778759975
0.14219444444444443,2.226966486516194,59.10833628660212
0.14219444444444443,2.2282942771670493,59.11273304959285
0.14219444444444443,2.2298327738104815,59.11730370561951
0.14219444444444443,2.2315446461706037,59.12203689474082
0.14219444444444443,2.233398142998589,59.12691896936609
0.12291666666666666,2.2353471077484866,59.131934314397554
0.12291666666666666,2.237323437436171,59.13706393192226
0.12291666666666666,2.239284266264611,59.14228663394535
0.12291666666666666,2.241193038727665,59.147580359919985
0.12291666666666666,2.2430226138493308,59.15292298597684
0.12786111111111112,2.2447584160675853,59.15829312674908
0.12786111111111112,2.246398716862033,59.163671148542
0.12786111111111112,2.2479411531171083,59.16903932532236
0.12786111111111112,2.2493864324025674,59.1743818130951
0.12786111111111112,2.2507365823289,59.17968463669964
0.13344444444444442,2.2520001694006413,59.18493571715972
0.13344444444444442,2.2531940097348913,59.19012534613922
0.13344444444444442,2.2543291108679004,59.19524586043946
0.13344444444444442,2.255415828889077,59.200291247032276
0.13344444444444442,2.256462702029309,59.205256870664506
0.13547222222222224,2.257478761332482,59.21013925166502
0.13547222222222224,2.2584744996965074,59.21493605907446
0.13547222222222224,2.259457056708219,59.21964585590511
0.13547222222222224,2.2604323338099617,59.224267853727824
0.13547222222222224,2.2614047719991177,59.22880173951221
0.09666666666666666,2.262339013256607,59.23324678702435
0.09666666666666666,2.2631463368166598,59.237597757117484
0.09666666666666666,2.2637810203434103,59.241846305313835
0.09666666666666666,2.264203421623803,59.24598284429635
0.09666666666666666,2.2643872357224137,59.24999754927045
0.07702777777777778,2.2642972539208692,59.25388092221947
0.07702777777777778,2.263880147177992,59.257622421948405
0.07702777777777778,2.2631112904263637,59.26121164014985
0.07702777777777778,2.2619744804815887,59.26463951880193
0.07702777777777778,2.2604642993656685,59.267898988375386
0.07916666666666666,2.258585808515264,59.270985504147056
0.07916666666666666,2.2563533116697547,59.27389753324632
0.07916666666666666,2.2537834227959244,59.27663656563476
0.07916666666666666,2.2508957844288613,59.27920697166982
0.07916666666666666,2.2477116050256716,59.28161581390945
0.07916666666666666,2.2442529564187397,59.283872597646706
0.09247222222222222,2.2405554601699933,59.28598924954685
0.09247222222222222,2.236672587172009,59.28798119780193
0.09247222222222222,2.23264235478442,59.28986656879928
0.09247222222222222,2.228499794388334,59.29166524160082
0.09247222222222222,2.2242743302958643,59.29339821496815
0.07466666666666667,2.219972902827358,59.29508667709996
0.07466666666666667,2.215574358119703,59.296749706847756
0.07466666666666667,2.2110741889916414,59.29840459549341
0.07466666666666667,2.2064680469840923,59.30006745143052
0.07466666666666667,2.2017554595145827,59.3017534721418
0.16416666666666666,2.1970279760767446,59.30347895014037
0.16416666666666666,2.1925002351820315,59.305270683340076
0.16416666666666666,2.1882875536484576,59.307162651557846
0.16416666666666666,2.1844909487025945,59.30919164094593
0.08827777777777777,2.1811047983460776,59.31139339741017
0.08827777777777777,2.177996032723887,59.313792577208204
0.08827777777777777,2.1750973243542346,59.31640411355574
0.08827777777777777,2.1723388149793452,59.31923596379239
0.08827777777777777,2.169665543328379,59.32229055810442
0.10477777777777778,2.16705123864222,59.325566728856636
0.10477777777777778,2.164501981702485,59.32906267401093
0.10477777777777778,2.1620134668775273,59.3327763004741
0.10477777777777778,2.1595852229036505,59.33670515218132
0.10477777777777778,2.1572162947453486,59.340846524518675
0.06377777777777778,2.1548645704788787,59.345196677058034
0.06377777777777778,2.1524323090882174,59.349746617147794
0.06377777777777778,2.149867830803291,59.354483696019564
0.06377777777777778,2.1471264093114795,59.35939366777283
0.06377777777777778,2.1441778531363034,59.364461824417006
0.058194444444444444,2.140998024403453,59.36967394138285
0.058194444444444444,2.137564429708882,59.37501643538802
